key,dataset,doi,url,license,samples,voxel_size_um,volume,format,content,download_gb,verified
ctscans,own CT scans (cylindrical cores),,external_data/*.npy,ODC-BY 1.0 (own release),39 scans / 12 types,90-95.6,976^2 or 666^2 x (1018-1616),npy uint8,grayscale,,2026-09-23
sandstones11,"Neumann et al., 11 Sandstones",10.17612/f4h1-w124,https://digitalporousmedia.org/published-datasets/drp.project.published.DRP-317,ODC-BY 1.0,11,2.25,1000^3,raw uint8,grayscale + filtered + binary,11 per variant,2026-09-23
ibm,IBM full-plug sandstones and carbonates,10.25452/figshare.plus.21375565,https://plus.figshare.com/articles/dataset/21375565,CDLA-Sharing-1.0,18 (+ qrm without ROIs),2.25,3 ROIs of 2500^3 per sample (+ full plugs),raw uint8 in tar.bz2,grayscale + filtered + binary,3-8 per grayscale ROI,2026-09-23
presalt,16 Brazilian pre-salt carbonates (multi-resolution),10.17612/xr50-s717,https://digitalporousmedia.org/published-datasets/drp.project.published.DRP-503,ODC-BY 1.0,16,6-8 (HR) / 48-64 (LR),~1500^3 HR / ~190^3 LR,netCDF,grayscale + segmented,120 total,2026-09-23
mrccm,Multi-Resolution Complex Carbonates (MRCCM),10.17612/3t36-q704,https://digitalporousmedia.org/published-datasets/drp.project.published.DRP-362,ODC-BY 1.0,2 materials (Indiana limestone; Middle Eastern carbonate),2.68 (HR; LR 10.72 unused),HR .mat volumes (3-4 GB) + netCDF blocks,mat / netCDF,grayscale,148 total,2026-09-23
deeprocksr,DeepRock-SR (sandstone; carbonate; coal),10.17612/s3m9-e024,https://digitalporousmedia.org/published-datasets/drp.project.published.DRP-215,ODC-BY 1.0,3 rock types,2.7-25,500^2 2D slices / 100^3 3D,zip of png,grayscale,9.9 (2D zip),2026-09-23
cfrp_twill,CFRP twill weave micro-CT,10.5281/zenodo.11200931,https://zenodo.org/records/11200931,CC-BY 4.0,3,15,1000x600x900 and similar,raw uint8,grayscale,3.6,2026-09-23
alsi10mg,AlSi10Mg L-PBF porosity stacks,10.5281/zenodo.17602110,https://zenodo.org/records/17602110,CC-BY 4.0,3,47.7,up to 1074x950x1014,DICOM uint16 in zip,grayscale,2.8,2026-09-23
cement,Portland cement pastes (ptychographic CT),10.5281/zenodo.2533863,https://zenodo.org/records/2533863,CC-BY 4.0,3,<0.1,~1600^2 x 800,tif uint16 in rar,electron density,13.5,2026-09-23
kfoam,KFoam graphite foam block,10.5281/zenodo.3532935,https://zenodo.org/records/3532935,CC-BY 4.0,1,35.4,1586x1567x1588,raw uint8 in zip,grayscale,16.5,2026-09-23
syntactic_foam,Syntactic foam 0.13 g/cm^3 (10 vol%),10.5281/zenodo.19699628,https://zenodo.org/records/19699628,CC-BY 4.0,1 (of 3),,3308^2 x 950,tif uint16 in zip,grayscale,19,2026-09-23
gfrp_ud,Multimodal UD glass fibre composite (XCT L/M/H + SRCT),10.5281/zenodo.1195879,https://zenodo.org/records/1195879,CC-BY 4.0,4 scans of one specimen,0.65-2.81,~1000^2 x 550-630 (XCT); 4331^2 x 61 (SRCT),tif uint16 in zip,grayscale,4.3,2026-09-24
cfrp_t700,T700 carbon fibre / epoxy synchrotron micro-CT,10.5281/zenodo.7632124,https://zenodo.org/records/7632124,CC-BY 4.0,4 (0.4 um scans of 14),0.4,~2159x1600x500,float16 h5 in zip,phase contrast (inverted),25.5,2026-09-24
